Step_1,Step_2,Step_3,Step_4,Step_5,Step_6,Step_7,Step_8,HR_LowerBand,Avg_HitRate,HR_UpperBand
0.0045045045045045045,0.0020979020979020983,0.005263157894736842,0.013867016622922135,0.011250000000000001,0.018089430894308943,0.0012077294685990338,0.010680907877169559,0.003338542013875634,0.00837008117001789,0.013401620326160147
