Step_1,Step_2,Step_3,Step_4,Step_5,Step_6,Step_7,Step_8,HR_LowerBand,Avg_HitRate,HR_UpperBand
0.013513513513513514,0.013986013986013986,0.02631578947368421,0.05511811023622047,0.025,0.04065040650406504,0.007246376811594203,0.018691588785046728,0.01180145214771354,0.025065224913767267,0.038328997679820995
