Rank_Values,HitR_LowerBand,AvgHitRate,HitR_UpperBand
10,0.031478,0.048465,0.065452
15,0.032306,0.050048,0.067791
20,0.042086,0.059377,0.076668
25,0.03354,0.055417,0.077293
30,0.045182,0.061895,0.078609
35,0.039957,0.055355,0.070752
40,0.046716,0.065453,0.08419
45,0.044113,0.065462,0.08681
50,0.043806,0.068734,0.093662
55,0.046318,0.069066,0.091814
60,0.042684,0.063255,0.083826
65,0.046857,0.066678,0.086499
70,0.04195,0.068992,0.096033
75,0.040456,0.066668,0.09288
80,0.043749,0.062754,0.081759
