Step_1,Step_2,Step_3,Step_4,Step_5,Step_6,Step_7,Step_8,HR_LowerBand,Avg_HitRate,HR_UpperBand
0.0,0.006993006993006993,0.008771929824561403,0.0,0.016666666666666666,0.008130081300813009,0.0,0.0,-6.462472217295609e-05,0.005070210598131009,0.010205045918434973
