Step_1,Step_2,Step_3,Step_4,Step_5,Step_6,Step_7,Step_8,HR_LowerBand,Avg_HitRate,HR_UpperBand
0.002177,0.000874,0.0,0.001575,0.0,0.0,0.0,0.001869,2.4830622455159347e-05,0.000811875,0.0015989193775448407
