Rank_Values,HitR_LowerBand,AvgHitRate,HitR_UpperBand
10,0.032223,0.049475,0.066728
15,0.032501,0.048022,0.063543
20,0.040448,0.056898,0.073349
25,0.036472,0.055442,0.074412
30,0.042061,0.0611,0.080139
35,0.038852,0.055539,0.072225
40,0.046716,0.065453,0.08419
45,0.045655,0.06666,0.087664
50,0.045038,0.067718,0.090398
55,0.046588,0.067855,0.089122
60,0.053025,0.066572,0.08012
65,0.048728,0.065717,0.082706
70,0.044149,0.069958,0.095768
75,0.043935,0.066923,0.089911
80,0.047361,0.063876,0.080391
